cd_municipio_tse,nm_municipio_tse,sg_uf,cd_municipio_ibge,nm_municipio_ibge,motivo
28134,OLHO D ÁGUA DAS FLORES,AL,2705705,Olho d'Água das Flores,pontuacao (apóstrofo/hífen)
28150,OLHO D ÁGUA DO CASADO,AL,2705804,Olho d'Água do Casado,pontuacao (apóstrofo/hífen)
28177,OLHO D ÁGUA GRANDE,AL,2705903,Olho d'Água Grande,pontuacao (apóstrofo/hífen)
28797,TANQUE D ARCA,AL,2709004,Tanque d'Arca,pontuacao (apóstrofo/hífen)
34118,CAMACÃ,BA,2905602,Camacan,grafia diferente (conferido pelo pesquisador)
30872,DIAS D ÁVILA,BA,2910057,Dias d'Ávila,pontuacao (apóstrofo/hífen)
95974,SÃO JOÃO D ALIANÇA,GO,5220009,São João d'Aliança,pontuacao (apóstrofo/hífen)
96113,SÍTIO D ABADIA,GO,5220702,Sítio d'Abadia,pontuacao (apóstrofo/hífen)
08478,OLHO D ÁGUA DAS CUNHÃS,MA,2107407,Olho d'Água das Cunhãs,pontuacao (apóstrofo/hífen)
41092,BARÃO DE MONTE ALTO,MG,3105509,Barão do Monte Alto,grafia diferente (conferido pelo pesquisador)
44571,DONA EUSÉBIA,MG,3122900,Dona Euzébia,grafia diferente (conferido pelo pesquisador)
41203,OLHOS D ÁGUA,MG,3145455,Olhos-d'Água,pontuacao (apóstrofo/hífen)
41360,PINGO D ÁGUA,MG,3150539,Pingo-d'Água,pontuacao (apóstrofo/hífen)
40827,SEM PEIXE,MG,3165560,Sem-Peixe,pontuacao (apóstrofo/hífen)
53031,SÃO THOMÉ DAS LETRAS,MG,3165206,São Tomé das Letras,grafia diferente (conferido pelo pesquisador)
91006,CONQUISTA D OESTE,MT,5103361,Conquista D'Oeste,pontuacao (apóstrofo/hífen)
99031,FIGUEIRÓPOLIS D OESTE,MT,5103809,Figueirópolis D'Oeste,pontuacao (apóstrofo/hífen)
90204,GLÓRIA D OESTE,MT,5103957,Glória D'Oeste,pontuacao (apóstrofo/hífen)
90301,LAMBARI D OESTE,MT,5105234,Lambari D'Oeste,pontuacao (apóstrofo/hífen)
91774,MIRASSOL D OESTE,MT,5105622,Mirassol d'Oeste,pontuacao (apóstrofo/hífen)
91553,SANTO ANTÔNIO DO LEVERGER,MT,5107800,Santo Antônio de Leverger,grafia diferente (conferido pelo pesquisador)
04120,ELDORADO DOS CARAJÁS,PA,1502954,Eldorado do Carajás,grafia diferente (conferido pelo pesquisador)
04308,PAU D ARCO,PA,1505551,Pau D'Arco,pontuacao (apóstrofo/hífen)
05290,SANTA ISABEL DO PARÁ,PA,1506500,Santa Izabel do Pará,grafia diferente (conferido pelo pesquisador)
20753,MÃE D ÁGUA,PB,2508703,Mãe d'Água,pontuacao (apóstrofo/hífen)
21091,OLHO D ÁGUA,PB,2510402,Olho d'Água,pontuacao (apóstrofo/hífen)
75400,DIAMANTE D OESTE,PR,4107157,Diamante D'Oeste,pontuacao (apóstrofo/hífen)
76171,ITAPEJARA D OESTE,PR,4111209,Itapejara d'Oeste,pontuacao (apóstrofo/hífen)
77593,PÉROLA D OESTE,PR,4119004,Pérola d'Oeste,pontuacao (apóstrofo/hífen)
74721,RANCHO ALEGRE D OESTE,PR,4121356,Rancho Alegre D'Oeste,pontuacao (apóstrofo/hífen)
78816,SÃO JORGE D OESTE,PR,4125209,São Jorge d'Oeste,pontuacao (apóstrofo/hífen)
17035,BOA SAÚDE,RN,2405306,Januário Cicco,grafia diferente (conferido pelo pesquisador)
17230,LAGOA D ANTA,RN,2406205,Lagoa d'Anta,pontuacao (apóstrofo/hífen)
17671,OLHO D ÁGUA DO BORGES,RN,2408409,Olho d'Água do Borges,pontuacao (apóstrofo/hífen)
00310,ALTA FLORESTA D OESTE,RO,1100015,Alta Floresta D'Oeste,pontuacao (apóstrofo/hífen)
00337,ALVORADA DO OESTE,RO,1100346,Alvorada D'Oeste,grafia diferente (conferido pelo pesquisador)
00256,ESPIGÃO DO OESTE,RO,1100098,Espigão D'Oeste,grafia diferente (conferido pelo pesquisador)
00396,MACHADINHO D OESTE,RO,1100130,Machadinho D'Oeste,pontuacao (apóstrofo/hífen)
00370,NOVA BRASILÂNDIA D OESTE,RO,1100148,Nova Brasilândia D'Oeste,pontuacao (apóstrofo/hífen)
00353,SANTA LUZIA D OESTE,RO,1100296,Santa Luzia D'Oeste,pontuacao (apóstrofo/hífen)
00710,SÃO FELIPE D OESTE,RO,1101484,São Felipe D'Oeste,pontuacao (apóstrofo/hífen)
03158,SÃO LUIZ,RR,1400605,São Luiz do Anauá,grafia diferente (conferido pelo pesquisador)
88455,SANT ANA DO LIVRAMENTO,RS,4317103,Sant'Ana do Livramento,pontuacao (apóstrofo/hífen)
81310,HERVAL D OESTE,SC,4206702,Herval d'Oeste,pontuacao (apóstrofo/hífen)
31011,AMPARO DE SÃO FRANCISCO,SE,2800100,Amparo do São Francisco,grafia diferente (conferido pelo pesquisador)
31631,ITAPORANGA D AJUDA,SE,2803203,Itaporanga d'Ajuda,pontuacao (apóstrofo/hífen)
61514,APARECIDA D OESTE,SP,3502606,Aparecida d'Oeste,pontuacao (apóstrofo/hífen)
64050,ESTRELA D OESTE,SP,3515202,Estrela d'Oeste,pontuacao (apóstrofo/hífen)
64610,GUARANI D OESTE,SP,3518008,Guarani d'Oeste,pontuacao (apóstrofo/hífen)
68055,PALMEIRA D OESTE,SP,3535200,Palmeira d'Oeste,pontuacao (apóstrofo/hífen)
70173,SANTA BÁRBARA D OESTE,SP,3545803,Santa Bárbara d'Oeste,pontuacao (apóstrofo/hífen)
70238,SANTA CLARA D OESTE,SP,3546108,Santa Clara d'Oeste,pontuacao (apóstrofo/hífen)
70491,SANTA RITA D OESTE,SP,3547403,Santa Rita d'Oeste,pontuacao (apóstrofo/hífen)
70874,SÃO JOÃO DO PAU D ALHO,SP,3549300,São João do Pau d'Alho,pontuacao (apóstrofo/hífen)
71013,SÃO LUÍS DO PARAITINGA,SP,3550001,São Luiz do Paraitinga,grafia diferente (conferido pelo pesquisador)
73261,PAU D ARCO,TO,1716307,Pau D'Arco,pontuacao (apóstrofo/hífen)
