ano,sg_partido,sg_federacao,grupo
2018,PC do B,,PT
2018,PT,,PT
2018,PV,,PT
2018,PSD,,PSD
2018,MDB,,MDB
2018,DEM,,PP
2018,PP,,PP
2018,PSL,,PP
2018,AVANTE,,Outros
2018,DC,,Outros
2018,PATRI,,Outros
2018,PCB,,Outros
2018,PCO,,Outros
2018,PDT,,Outros
2018,PHS,,Outros
2018,PMN,,Outros
2018,PODE,,Outros
2018,PPL,,Outros
2018,PPS,,Outros
2018,PR,,Outros
2018,PRB,,Outros
2018,PROS,,Outros
2018,PRP,,Outros
2018,PRTB,,Outros
2018,PSB,,Outros
2018,PSC,,Outros
2018,PSDB,,Outros
2018,PSOL,,Outros
2018,PSTU,,Outros
2018,PTB,,Outros
2018,PTC,,Outros
2018,REDE,,Outros
2018,SOLIDARIEDADE,,Outros
2020,PC do B,,PT
2020,PT,,PT
2020,PV,,PT
2020,PSD,,PSD
2020,MDB,,MDB
2020,DEM,,PP
2020,PP,,PP
2020,PSL,,PP
2020,AVANTE,,Outros
2020,CIDADANIA,,Outros
2020,DC,,Outros
2020,NOVO,,Outros
2020,PATRIOTA,,Outros
2020,PCO,,Outros
2020,PDT,,Outros
2020,PL,,Outros
2020,PMB,,Outros
2020,PMN,,Outros
2020,PODE,,Outros
2020,PROS,,Outros
2020,PRTB,,Outros
2020,PSB,,Outros
2020,PSC,,Outros
2020,PSDB,,Outros
2020,PSOL,,Outros
2020,PSTU,,Outros
2020,PTB,,Outros
2020,PTC,,Outros
2020,REDE,,Outros
2020,REPUBLICANOS,,Outros
2020,SOLIDARIEDADE,,Outros
2020,UP,,Outros
2022,PC do B,PT/PC do B/PV,PT
2022,PT,PT/PC do B/PV,PT
2022,PV,PT/PC do B/PV,PT
2022,PSD,,PSD
2022,MDB,,MDB
2022,PP,,PP
2022,UNIÃO,,PP
2022,AGIR,,Outros
2022,CIDADANIA,PSDB/CIDADANIA,Outros
2022,NOVO,,Outros
2022,PATRIOTA,,Outros
2022,PCB,,Outros
2022,PCO,,Outros
2022,PDT,,Outros
2022,PL,,Outros
2022,PMN,,Outros
2022,PODE,,Outros
2022,PSC,,Outros
2022,PSDB,PSDB/CIDADANIA,Outros
2022,PSOL,PSOL/REDE,Outros
2022,PSTU,,Outros
2022,PTB,,Outros
2022,REDE,PSOL/REDE,Outros
2022,REPUBLICANOS,,Outros
2022,SOLIDARIEDADE,,Outros
2022,UP,,Outros
2024,PC do B,PT/PC do B/PV,PT
2024,PT,PT/PC do B/PV,PT
2024,PV,PT/PC do B/PV,PT
2024,PSD,,PSD
2024,MDB,,MDB
2024,PP,,PP
2024,UNIÃO,,PP
2024,AGIR,,Outros
2024,AVANTE,,Outros
2024,CIDADANIA,PSDB/CIDADANIA,Outros
2024,DC,,Outros
2024,MOBILIZA,,Outros
2024,NOVO,,Outros
2024,PCO,,Outros
2024,PDT,,Outros
2024,PL,,Outros
2024,PMB,,Outros
2024,PODE,,Outros
2024,PRD,,Outros
2024,PSB,,Outros
2024,PSDB,PSDB/CIDADANIA,Outros
2024,PSOL,PSOL/REDE,Outros
2024,PSTU,,Outros
2024,REDE,PSOL/REDE,Outros
2024,REPUBLICANOS,,Outros
2024,SOLIDARIEDADE,,Outros
2024,UP,,Outros
2026,PC do B,PT/PC do B/PV,PT
2026,PT,PT/PC do B/PV,PT
2026,PV,PT/PC do B/PV,PT
2026,PSD,,PSD
2026,MDB,,MDB
2026,PP,UNIÃO/PP,PP
2026,UNIÃO,UNIÃO/PP,PP
2026,AVANTE,,Outros
2026,CIDADANIA,PSDB/CIDADANIA,Outros
2026,MISSÃO,,Outros
2026,NOVO,,Outros
2026,PDT,,Outros
2026,PL,,Outros
2026,PODE,,Outros
2026,PSDB,PSDB/CIDADANIA,Outros
2026,PSOL,PSOL/REDE,Outros
2026,REDE,PSOL/REDE,Outros
2026,REPUBLICANOS,,Outros
2026,UP,,Outros
