cd_municipio_ibge,nm_municipio,territorio,ordem_norte_sul,nome_na_wikipedia,wikipedia_revid,origem
2201919,Bom Princípio do Piauí,Planície Litorânea,1,Bom Princípio do Piauí,70564988,wikipedia
2202000,Buriti dos Lopes,Planície Litorânea,1,Buriti dos Lopes,70564988,wikipedia
2202083,Cajueiro da Praia,Planície Litorânea,1,Cajueiro da Praia,70564988,wikipedia
2202539,Caraúbas do Piauí,Planície Litorânea,1,Caraúbas do Piauí,70564988,wikipedia
2202653,Caxingó,Planície Litorânea,1,Caxingó,70564988,wikipedia
2202703,Cocal,Planície Litorânea,1,Cocal,70564988,wikipedia
2202729,Cocal dos Alves,Planície Litorânea,1,Cocal dos Alves,70564988,wikipedia
2204659,Ilha Grande,Planície Litorânea,1,Ilha Grande,70564988,wikipedia
2205706,Luís Correia,Planície Litorânea,1,Luís Correia,70564988,wikipedia
2206696,Murici dos Portelas,Planície Litorânea,1,Murici dos Portelas,70564988,wikipedia
2207702,Parnaíba,Planície Litorânea,1,Parnaíba,70564988,wikipedia
2201200,Barras,Cocais,2,,,decisão de Alexandre (pesquisador) em 2026-10-05
2201507,Batalha,Cocais,2,Batalha,70565002,wikipedia
2201960,Brasileira,Cocais,2,Brasileira,70565002,wikipedia
2202174,Campo Largo do Piauí,Cocais,2,Campo Largo do Piauí,70565002,wikipedia
2203420,Domingos Mourão,Cocais,2,Domingos Mourão,70565002,wikipedia
2203701,Esperantina,Cocais,2,Esperantina,70565002,wikipedia
2205409,Joaquim Pires,Cocais,2,Joaquim Pires,70565002,wikipedia
2205458,Joca Marques,Cocais,2,Joca Marques,70565002,wikipedia
2205573,Lagoa de São Francisco,Cocais,2,Lagoa de São Francisco,70565002,wikipedia
2205805,Luzilândia,Cocais,2,Luzilândia,70565002,wikipedia
2205854,Madeiro,Cocais,2,Madeiro,70565002,wikipedia
2206100,Matias Olímpio,Cocais,2,Matias Olímpio,70565002,wikipedia
2206357,Milton Brandão,Cocais,2,Milton Brandão,70565002,wikipedia
2206670,Morro do Chapéu do Piauí,Cocais,2,Morro do Chapéu do Piauí,70565002,wikipedia
2206803,Nossa Senhora dos Remédios,Cocais,2,Nossa Senhora dos Remédios,70565002,wikipedia
2207900,Pedro II,Cocais,2,Pedro II,70565002,wikipedia
2208304,Piracuruca,Cocais,2,Piracuruca,70565002,wikipedia
2208403,Piripiri,Cocais,2,Piripiri,70565002,wikipedia
2208502,Porto,Cocais,2,Porto,70565002,wikipedia
2210052,São José do Divino,Cocais,2,São José do Divino,70565002,wikipedia
2209872,São João da Fronteira,Cocais,2,São João da Fronteira,70565002,wikipedia
2209971,São João do Arraial,Cocais,2,São João do Arraial,70565002,wikipedia
2201051,Assunção do Piauí,Carnaubais,3,Assunção do Piauí,70565043,wikipedia
2201770,Boa Hora,Carnaubais,3,Boa Hora,70565043,wikipedia
2201945,Boqueirão do Piauí,Carnaubais,3,Boqueirão do Piauí,70565043,wikipedia
2202026,Buriti dos Montes,Carnaubais,3,Buriti dos Montes,70565043,wikipedia
2202059,Cabeceiras do Piauí,Carnaubais,3,Cabeceiras do Piauí,70565043,wikipedia
2202208,Campo Maior,Carnaubais,3,Campo Maior,70565043,wikipedia
2202406,Capitão de Campos,Carnaubais,3,Capitão de Campos,70565043,wikipedia
2202604,Castelo do Piauí,Carnaubais,3,Castelo do Piauí,70565043,wikipedia
2202711,Cocal de Telha,Carnaubais,3,Cocal de Telha,70565043,wikipedia
2205276,Jatobá do Piauí,Carnaubais,3,Jatobá do Piauí,70565043,wikipedia
2205516,Juazeiro do Piauí,Carnaubais,3,Juazeiro do Piauí,70565043,wikipedia
2206753,Nossa Senhora de Nazaré,Carnaubais,3,Nossa Senhora de Nazaré,70565043,wikipedia
2206951,Novo Santo Antônio,Carnaubais,3,Novo Santo Antônio,70565043,wikipedia
2210656,Sigefredo Pacheco,Carnaubais,3,Sigefredo Pacheco,70565043,wikipedia
2209906,São João da Serra,Carnaubais,3,São João da Serra,70565043,wikipedia
2210409,São Miguel do Tapuio,Carnaubais,3,São Miguel do Tapuio,70565043,wikipedia
2200103,Agricolândia,Entre Rios,4,Agricolândia,70565060,wikipedia
2200301,Alto Longá,Entre Rios,4,Alto Longá,70565060,wikipedia
2200400,Altos,Entre Rios,4,Altos,70565060,wikipedia
2200509,Amarante,Entre Rios,4,Amarante,70565060,wikipedia
2200608,Angical do Piauí,Entre Rios,4,Angical do Piauí,70565060,wikipedia
2201408,Barro Duro,Entre Rios,4,Barro Duro,70565060,wikipedia
2201606,Beneditinos,Entre Rios,4,Beneditinos,70565060,wikipedia
2202737,Coivaras,Entre Rios,4,Coivaras,70565060,wikipedia
2203255,Curralinhos,Entre Rios,4,Curralinhos,70565060,wikipedia
2203305,Demerval Lobão,Entre Rios,4,Demerval Lobão,70565060,wikipedia
2204600,Hugo Napoleão,Entre Rios,4,Hugo Napoleão,70565060,wikipedia
2205250,Jardim do Mulato,Entre Rios,4,Jardim do Mulato,70565060,wikipedia
2205508,José de Freitas,Entre Rios,4,José de Freitas,70565060,wikipedia
2205557,Lagoa Alegre,Entre Rios,4,Lagoa Alegre,70565060,wikipedia
2205581,Lagoa do Piauí,Entre Rios,4,Lagoa do Piauí,70565060,wikipedia
2205540,Lagoinha do Piauí,Entre Rios,4,Lagoinha do Piauí,70565060,wikipedia
2206209,Miguel Alves,Entre Rios,4,Miguel Alves,70565060,wikipedia
2206308,Miguel Leão,Entre Rios,4,Miguel Leão,70565060,wikipedia
2206407,Monsenhor Gil,Entre Rios,4,Monsenhor Gil,70565060,wikipedia
2206720,Nazária,Entre Rios,4,Nazária,70565060,wikipedia
2207108,Olho D'Água do Piauí,Entre Rios,4,Olho d'Água do Piauí,70565060,wikipedia
2207504,Palmeirais,Entre Rios,4,Palmeirais,70565060,wikipedia
2207751,Passagem Franca do Piauí,Entre Rios,4,Passagem Franca do Piauí,70565060,wikipedia
2207793,Pau D'Arco do Piauí,Entre Rios,4,Pau d'Arco do Piauí,70565060,wikipedia
2208809,Regeneração,Entre Rios,4,Regeneração,70565060,wikipedia
2209450,Santo Antônio dos Milagres,Entre Rios,4,Santo Antônio dos Milagres,70565060,wikipedia
2209807,São Gonçalo do Piauí,Entre Rios,4,São Gonçalo do Piauí,70565060,wikipedia
2210508,São Pedro do Piauí,Entre Rios,4,São Pedro do Piauí,70565060,wikipedia
2211001,Teresina,Entre Rios,4,Teresina,70565060,wikipedia
2211100,União,Entre Rios,4,União,70565060,wikipedia
2200202,Água Branca,Entre Rios,4,Água Branca,70565060,wikipedia
2200905,Aroazes,Vale do Sambito,5,Aroazes,70565079,wikipedia
2201176,Barra D'Alcântara,Vale do Sambito,5,Barra d'Alcântara,70565079,wikipedia
2203503,Elesbão Veloso,Vale do Sambito,5,Elesbão Veloso,70565079,wikipedia
2204006,Francinópolis,Vale do Sambito,5,Francinópolis,70565079,wikipedia
2204709,Inhuma,Vale do Sambito,5,Inhuma,70565079,wikipedia
2204808,Ipiranga do Piauí,Vale do Sambito,5,Ipiranga do Piauí,70565079,wikipedia
2205599,Lagoa do Sítio,Vale do Sambito,5,Lagoa do Sítio,70565079,wikipedia
2206902,Novo Oriente do Piauí,Vale do Sambito,5,Novo Oriente do Piauí,70565079,wikipedia
2208106,Pimenteiras,Vale do Sambito,5,Pimenteiras,70565079,wikipedia
2208601,Prata do Piauí,Vale do Sambito,5,Prata do Piauí,70565079,wikipedia
2209153,Santa Cruz dos Milagres,Vale do Sambito,5,Santa Cruz dos Milagres,70565079,wikipedia
2209609,São Félix do Piauí,Vale do Sambito,5,São Félix do Piauí,70565079,wikipedia
2210383,São Miguel da Baixa Grande,Vale do Sambito,5,São Miguel da Baixa Grande,70565079,wikipedia
2211308,Valença do Piauí,Vale do Sambito,5,Valença do Piauí,70565079,wikipedia
2211407,Várzea Grande,Vale do Sambito,5,Várzea Grande,70565079,wikipedia
2200251,Alagoinha do Piauí,Vale do Rio Guaribas,6,Alagoinha do Piauí,70565080,wikipedia
2200277,Alegrete do Piauí,Vale do Rio Guaribas,6,Alegrete do Piauí,70565080,wikipedia
2200954,Aroeiras do Itaim,Vale do Rio Guaribas,6,Aroeiras do Itaim,70565080,wikipedia
2201804,Bocaina,Vale do Rio Guaribas,6,Bocaina,70565080,wikipedia
2202133,Campo Grande do Piauí,Vale do Rio Guaribas,6,Campo Grande do Piauí,70565080,wikipedia
2203404,Dom Expedito Lopes,Vale do Rio Guaribas,6,Dom Expedito Lopes,70565080,wikipedia
2204204,Francisco Santos,Vale do Rio Guaribas,6,Francisco Santos,70565080,wikipedia
2204303,Fronteiras,Vale do Rio Guaribas,6,Fronteiras,70565080,wikipedia
2204352,Geminiano,Vale do Rio Guaribas,6,Geminiano,70565080,wikipedia
2205003,Itainópolis,Vale do Rio Guaribas,6,Itainópolis,70565080,wikipedia
2206506,Monsenhor Hipólito,Vale do Rio Guaribas,6,Monsenhor Hipólito,70565080,wikipedia
2207553,Paquetá,Vale do Rio Guaribas,6,Paquetá,70565080,wikipedia
2208007,Picos,Vale do Rio Guaribas,6,Picos,70565080,wikipedia
2208205,Pio IX,Vale do Rio Guaribas,6,Pio IX,70565080,wikipedia
2209351,Santana do Piauí,Vale do Rio Guaribas,6,Santana do Piauí,70565080,wikipedia
2209401,Santo Antônio de Lisboa,Vale do Rio Guaribas,6,Santo Antônio de Lisboa,70565080,wikipedia
2210938,Sussuapara,Vale do Rio Guaribas,6,Sussuapara,70565080,wikipedia
2210201,São José do Piauí,Vale do Rio Guaribas,6,São José do Piauí,70565080,wikipedia
2209856,São João da Canabrava,Vale do Rio Guaribas,6,São João da Canabrava,70565080,wikipedia
2210300,São Julião,Vale do Rio Guaribas,6,São Julião,70565080,wikipedia
2210375,São Luis do Piauí,Vale do Rio Guaribas,6,São Luís do Piauí,70565080,wikipedia
2211506,Vera Mendes,Vale do Rio Guaribas,6,Vera Mendes,70565080,wikipedia
2211605,Vila Nova do Piauí,Vale do Rio Guaribas,6,Vila Nova do Piauí,70565080,wikipedia
2200053,Acauã,Chapada do Vale do Rio Itaim,7,Acauã,70565134,wikipedia
2201572,Belém do Piauí,Chapada do Vale do Rio Itaim,7,Belém do Piauí,70565134,wikipedia
2201739,Betânia do Piauí,Chapada do Vale do Rio Itaim,7,Betânia do Piauí,70565134,wikipedia
2202091,Caldeirão Grande do Piauí,Chapada do Vale do Rio Itaim,7,Caldeirão Grande do Piauí,70565134,wikipedia
2202554,Caridade do Piauí,Chapada do Vale do Rio Itaim,7,Caridade do Piauí,70565134,wikipedia
2203271,Curral Novo do Piauí,Chapada do Vale do Rio Itaim,7,Curral Novo do Piauí,70565134,wikipedia
2204154,Francisco Macedo,Chapada do Vale do Rio Itaim,7,Francisco Macedo,70565134,wikipedia
2205151,Jacobina do Piauí,Chapada do Vale do Rio Itaim,7,Jacobina do Piauí,70565134,wikipedia
2205201,Jaicós,Chapada do Vale do Rio Itaim,7,Jaicós,70565134,wikipedia
2205953,Marcolândia,Chapada do Vale do Rio Itaim,7,Marcolândia,70565134,wikipedia
2206050,Massapê do Piauí,Chapada do Vale do Rio Itaim,7,Massapê do Piauí,70565134,wikipedia
2207207,Padre Marcos,Chapada do Vale do Rio Itaim,7,Padre Marcos,70565134,wikipedia
2207777,Patos do Piauí,Chapada do Vale do Rio Itaim,7,Patos do Piauí,70565134,wikipedia
2207801,Paulistana,Chapada do Vale do Rio Itaim,7,Paulistana,70565134,wikipedia
2208650,Queimada Nova,Chapada do Vale do Rio Itaim,7,Queimada Nova,70565134,wikipedia
2210706,Simões,Chapada do Vale do Rio Itaim,7,Simões,70565134,wikipedia
2201556,Bela Vista do Piauí,Vale do Canindé,8,Bela Vista do Piauí,70565175,wikipedia
2202075,Cajazeiras do Piauí,Vale do Canindé,8,Cajazeiras do Piauí,70565175,wikipedia
2202109,Campinas do Piauí,Vale do Canindé,8,Campinas do Piauí,70565175,wikipedia
2202778,Colônia do Piauí,Vale do Canindé,8,Colônia do Piauí,70565175,wikipedia
2202802,Conceição do Canindé,Vale do Canindé,8,Conceição do Canindé,70565175,wikipedia
2203859,Floresta do Piauí,Vale do Canindé,8,Floresta do Piauí,70565175,wikipedia
2204907,Isaías Coelho,Vale do Canindé,8,Isaías Coelho,70565175,wikipedia
2207009,Oeiras,Vale do Canindé,8,Oeiras,70565175,wikipedia
2209104,Santa Cruz do Piauí,Vale do Canindé,8,Santa Cruz do Piauí,70565175,wikipedia
2209377,Santa Rosa do Piauí,Vale do Canindé,8,Santa Rosa do Piauí,70565175,wikipedia
2209500,Santo Inácio do Piauí,Vale do Canindé,8,Santo Inácio do Piauí,70565175,wikipedia
2210805,Simplício Mendes,Vale do Canindé,8,Simplício Mendes,70565175,wikipedia
2209658,São Francisco de Assis do Piauí,Vale do Canindé,8,São Francisco de Assis do Piauí,70565175,wikipedia
2209708,São Francisco do Piauí,Vale do Canindé,8,,,decisão de Alexandre (pesquisador) em 2026-10-05
2209955,São João da Varjota,Vale do Canindé,8,São João da Varjota,70565175,wikipedia
2210979,Tanque do Piauí,Vale do Canindé,8,Tanque do Piauí,70565175,wikipedia
2211704,Wall Ferraz,Vale do Canindé,8,Wall Ferraz,70565175,wikipedia
2200707,Anísio de Abreu,Serra da Capivara,9,Anísio de Abreu,70565181,wikipedia
2201929,Bonfim do Piauí,Serra da Capivara,9,Bonfim do Piauí,70565181,wikipedia
2202117,Campo Alegre do Fidalgo,Serra da Capivara,9,Campo Alegre do Fidalgo,70565181,wikipedia
2202455,Capitão Gervásio Oliveira,Serra da Capivara,9,Capitão Gervásio Oliveira,70565181,wikipedia
2202505,Caracol,Serra da Capivara,9,Caracol,70565181,wikipedia
2202851,Coronel José Dias,Serra da Capivara,9,Coronel José Dias,70565181,wikipedia
2203354,Dirceu Arcoverde,Serra da Capivara,9,Dirceu Arcoverde,70565181,wikipedia
2203453,Dom Inocêncio,Serra da Capivara,9,Dom Inocêncio,70565181,wikipedia
2203750,Fartura do Piauí,Serra da Capivara,9,Fartura do Piauí,70565181,wikipedia
2204550,Guaribas,Serra da Capivara,9,Guaribas,70565181,wikipedia
2205359,João Costa,Serra da Capivara,9,João Costa,70565181,wikipedia
2205532,Jurema,Serra da Capivara,9,Jurema,70565181,wikipedia
2205565,Lagoa do Barro do Piauí,Serra da Capivara,9,Lagoa do Barro do Piauí,70565181,wikipedia
2209559,São Braz do Piauí,Serra da Capivara,9,São Braz do Piauí,70565181,wikipedia
2210003,São João do Piauí,Serra da Capivara,9,São João do Piauí,70565181,wikipedia
2210359,São Lourenço do Piauí,Serra da Capivara,9,São Lourenço do Piauí,70565181,wikipedia
2210607,São Raimundo Nonato,Serra da Capivara,9,São Raimundo Nonato,70565181,wikipedia
2211357,Várzea Branca,Serra da Capivara,9,Várzea Branca,70565181,wikipedia
2201002,Arraial,Vale dos Rios Piauí e Itaueiras,10,Arraial,70565216,wikipedia
2201988,Brejo do Piauí,Vale dos Rios Piauí e Itaueiras,10,Brejo do Piauí,70565216,wikipedia
2202307,Canto do Buriti,Vale dos Rios Piauí e Itaueiras,10,Canto do Buriti,70565216,wikipedia
2203800,Flores do Piauí,Vale dos Rios Piauí e Itaueiras,10,Flores do Piauí,70565216,wikipedia
2203909,Floriano,Vale dos Rios Piauí e Itaueiras,10,Floriano,70565216,wikipedia
2204105,Francisco Ayres,Vale dos Rios Piauí e Itaueiras,10,Francisco Ayres,70565216,wikipedia
2205102,Itaueira,Vale dos Rios Piauí e Itaueiras,10,Itaueira,70565216,wikipedia
2206704,Nazaré do Piauí,Vale dos Rios Piauí e Itaueiras,10,Nazaré do Piauí,70565216,wikipedia
2207959,Nova Santa Rita,Vale dos Rios Piauí e Itaueiras,10,Nova Santa Rita,70565216,wikipedia
2207306,Paes Landim,Vale dos Rios Piauí e Itaueiras,10,Paes Landim,70565216,wikipedia
2207355,Pajeú do Piauí,Vale dos Rios Piauí e Itaueiras,10,Pajeú do Piauí,70565216,wikipedia
2207850,Pavussu,Vale dos Rios Piauí e Itaueiras,10,Pavussu,70565216,wikipedia
2207934,Pedro Laurentino,Vale dos Rios Piauí e Itaueiras,10,Pedro Laurentino,70565216,wikipedia
2208874,Ribeira do Piauí,Vale dos Rios Piauí e Itaueiras,10,Ribeira do Piauí,70565216,wikipedia
2209005,Rio Grande do Piauí,Vale dos Rios Piauí e Itaueiras,10,Rio Grande do Piauí,70565216,wikipedia
2210904,Socorro do Piauí,Vale dos Rios Piauí e Itaueiras,10,Socorro do Piauí,70565216,wikipedia
2210102,São José do Peixe,Vale dos Rios Piauí e Itaueiras,10,São José do Peixe,70565216,wikipedia
2210391,São Miguel do Fidalgo,Vale dos Rios Piauí e Itaueiras,10,São Miguel do Fidalgo,70565216,wikipedia; duplicidade resolvida por Alexandre (pesquisador) em 2026-10-05
2210953,Tamboril do Piauí,Vale dos Rios Piauí e Itaueiras,10,Tamboril do Piauí,70565216,wikipedia
2200806,Antônio Almeida,Tabuleiros do Alto Parnaíba,11,Antônio Almeida,70565230,wikipedia
2201150,Baixa Grande do Ribeiro,Tabuleiros do Alto Parnaíba,11,Baixa Grande do Ribeiro,70565230,wikipedia
2201705,Bertolínia,Tabuleiros do Alto Parnaíba,11,Bertolínia,70565230,wikipedia
2202251,Canavieira,Tabuleiros do Alto Parnaíba,11,Canavieira,70565230,wikipedia
2204501,Guadalupe,Tabuleiros do Alto Parnaíba,11,Guadalupe,70565230,wikipedia
2205300,Jerumenha,Tabuleiros do Alto Parnaíba,11,Jerumenha,70565230,wikipedia
2205607,Landri Sales,Tabuleiros do Alto Parnaíba,11,Landri Sales,70565230,wikipedia
2206001,Marcos Parente,Tabuleiros do Alto Parnaíba,11,Marcos Parente,70565230,wikipedia
2208551,Porto Alegre do Piauí,Tabuleiros do Alto Parnaíba,11,Porto Alegre do Piauí,70565230,wikipedia
2208908,Ribeiro Gonçalves,Tabuleiros do Alto Parnaíba,11,Ribeiro Gonçalves,70565230,wikipedia
2210631,Sebastião Leal,Tabuleiros do Alto Parnaíba,11,Sebastião Leal,70565230,wikipedia
2211209,Uruçuí,Tabuleiros do Alto Parnaíba,11,Uruçuí,70565230,wikipedia
2200459,Alvorada do Gurguéia,Chapada das Mangabeiras,12,Alvorada do Gurgueia,70565232,wikipedia
2201101,Avelino Lopes,Chapada das Mangabeiras,12,Avelino Lopes,70565232,wikipedia
2201309,Barreiras do Piauí,Chapada das Mangabeiras,12,Barreiras do Piauí,70565232,wikipedia
2201903,Bom Jesus,Chapada das Mangabeiras,12,Bom Jesus,70565232,wikipedia
2202752,Colônia do Gurguéia,Chapada das Mangabeiras,12,Colônia do Gurgueia,70565232,wikipedia
2202901,Corrente,Chapada das Mangabeiras,12,Corrente,70565232,wikipedia
2203008,Cristalândia do Piauí,Chapada das Mangabeiras,12,Cristalândia do Piauí,70565232,wikipedia
2203107,Cristino Castro,Chapada das Mangabeiras,12,Cristino Castro,70565232,wikipedia
2203206,Curimatá,Chapada das Mangabeiras,12,Curimatá,70565232,wikipedia
2203230,Currais,Chapada das Mangabeiras,12,Currais,70565232,wikipedia
2203602,Eliseu Martins,Chapada das Mangabeiras,12,Eliseu Martins,70565232,wikipedia
2204402,Gilbués,Chapada das Mangabeiras,12,Gilbués,70565232,wikipedia
2205524,Júlio Borges,Chapada das Mangabeiras,12,Júlio Borges,70565232,wikipedia
2205904,Manoel Emídio,Chapada das Mangabeiras,12,Manoel Emídio,70565232,wikipedia
2206605,Monte Alegre do Piauí,Chapada das Mangabeiras,12,Monte Alegre do Piauí,70565232,wikipedia
2206654,Morro Cabeça no Tempo,Chapada das Mangabeiras,12,Morro Cabeça no Tempo,70565232,wikipedia
2207405,Palmeira do Piauí,Chapada das Mangabeiras,12,Palmeira do Piauí,70565232,wikipedia
2207603,Parnaguá,Chapada das Mangabeiras,12,Parnaguá,70565232,wikipedia
2208700,Redenção do Gurguéia,Chapada das Mangabeiras,12,Redenção do Gurgueia,70565232,wikipedia
2208858,Riacho Frio,Chapada das Mangabeiras,12,Riacho Frio,70565232,wikipedia
2209203,Santa Filomena,Chapada das Mangabeiras,12,Santa Filomena,70565232,wikipedia
2209302,Santa Luz,Chapada das Mangabeiras,12,Santa Luz,70565232,wikipedia
2210623,Sebastião Barros,Chapada das Mangabeiras,12,Sebastião Barros,70565232,wikipedia
2209757,São Gonçalo do Gurguéia,Chapada das Mangabeiras,12,São Gonçalo do Gurgueia,70565232,wikipedia
